{"136eece0-40ab-8002-8002-296771ace070":{"name":"On Background","color":"#1c1b1f","opacity":1,"path":"Background"},"6ca523bd-5c12-8018-8002-28520c1de5a2":{"name":"On Error Container","color":"#410e0b","opacity":1,"path":"Error"},"136eece0-40ab-8002-8002-2967399b31cb":{"name":"Outline Variant","color":"#c4c7c5","opacity":1,"path":"Outline"},"136eece0-40ab-8002-8002-29633328a993":{"name":"On Tertiary Container","color":"#370b1e","opacity":1,"path":"Tertiary"},"136eece0-40ab-8002-8002-2969c0df7bb2":{"name":"Inverse Surface","color":"#313033","opacity":1,"path":"Surface"},"136eece0-40ab-8002-8002-29628c4c1df9":{"name":"On Secondary","color":"#ffffff","opacity":1,"path":"Secondary"},"136eece0-40ab-8002-8002-2962dd48de68":{"name":"Tertiary","color":"#7d5260","opacity":1,"path":"Tertiary"},"136eece0-40ab-8002-8002-2963180f65f1":{"name":"On Tertiary","color":"#ffffff","opacity":1,"path":"Tertiary"},"136eece0-40ab-8002-8002-29675aceb451":{"name":"Background","color":"#fffbfe","opacity":1,"path":"Background"},"6ca523bd-5c12-8018-8002-284e12f16d56":{"name":"Surface","color":"#fffbfe","opacity":1,"path":"Surface"},"46601111-5550-8011-8002-28355a637737":{"name":"Error","color":"#b3261e","opacity":1,"path":"Error"},"6ca523bd-5c12-8018-8002-285d24506a30":{"name":"On Surface Variant","color":"#49454e","opacity":1,"path":"Surface"},"46601111-5550-8011-8002-28400b417ad3":{"name":"On Error","color":"#ffffff","opacity":1,"path":"Error"},"6ca523bd-5c12-8018-8002-285cac68c5c9":{"name":"Surface Variant","color":"#e7e0ec","opacity":1,"path":"Surface"},"6ca523bd-5c12-8018-8002-285156e1f102":{"name":"On Primary Container","color":"#21005e","opacity":1,"path":"Primary"},"136eece0-40ab-8002-8002-29621b0bc986":{"name":"Secondary","color":"#625b71","opacity":1,"path":"Secondary"},"136eece0-40ab-8002-8002-29806f4be45f":{"name":"Shadow","color":"#000000","opacity":1,"path":"Shadow"},"6ca523bd-5c12-8018-8002-285130c3b0d5":{"name":"On Primary","color":"#ffffff","opacity":1,"path":"Primary"},"6ca523bd-5c12-8018-8002-28519c168318":{"name":"Inverse Primary","color":"#d0bcff","opacity":1,"path":"Primary"},"136eece0-40ab-8002-8002-2962abbdbd62":{"name":"On Secondary Container","color":"#1e192b","opacity":1,"path":"Secondary"},"6ca523bd-5c12-8018-8002-2850a2d674fc":{"name":"Primary","color":"#6750a4","opacity":1,"path":"Primary"},"6ca523bd-5c12-8018-8002-2851014e7230":{"name":"Primary Container","color":"#eaddff","opacity":1,"path":"Primary"},"136eece0-40ab-8002-8002-29626955efcb":{"name":"Secondary Container","color":"#e8def8","opacity":1,"path":"Secondary"},"136eece0-40ab-8002-8002-299e5c4c360b":{"name":"Surface Tint","color":"#6750a4","opacity":1,"path":"Surface"},"6ca523bd-5c12-8018-8002-2851dea454dc":{"name":"Error Container","color":"#f9dedc","opacity":1,"path":"Error"},"6ca523bd-5c12-8018-8002-285d063834aa":{"name":"On Surface","color":"#1c1b1f","opacity":1,"path":"Surface"},"136eece0-40ab-8002-8002-2967907c706c":{"name":"Scrim","color":"#000000","opacity":1,"path":"Scrim"},"136eece0-40ab-8002-8002-2969e8f9ee0b":{"name":"Inverse On Surface","color":"#f4eff4","opacity":1,"path":"Surface"},"136eece0-40ab-8002-8002-2962f8ce8e13":{"name":"Tertiary Container","color":"#ffd8e4","opacity":1,"path":"Tertiary"},"136eece0-40ab-8002-8002-296723633b85":{"name":"Outline","color":"#79747e","opacity":1,"path":"Outline"}}