{"52961d58-0a92-80c2-8003-27d6d56646d1":{"name":"more_horiz_FILL0_wght400_GRAD0_opsz48.svg","mtype":"image/svg+xml","width":48,"height":48,"path":"Lib Icons / Outlined"},"52961d58-0a92-80c2-8003-27d6d566bb87":{"name":"apps_FILL0_wght400_GRAD0_opsz48.svg","mtype":"image/svg+xml","width":48,"height":48,"path":"Lib Icons / Outlined"},"52961d58-0a92-80c2-8003-27d6d566bb83":{"name":"more_vert_FILL0_wght400_GRAD0_opsz48.svg","mtype":"image/svg+xml","width":48,"height":48,"path":"Lib Icons / Outlined"},"52961d58-0a92-80c2-8003-27d6d56646cf":{"name":"home_FILL0_wght400_GRAD0_opsz48.svg","mtype":"image/svg+xml","width":48,"height":48,"path":"Lib Icons / Outlined"},"52961d58-0a92-80c2-8003-27d6d56646d3":{"name":"search_FILL0_wght400_GRAD0_opsz48.svg","mtype":"image/svg+xml","width":48,"height":48,"path":"Lib Icons / Outlined"},"52961d58-0a92-80c2-8003-27d6d56646cd":{"name":"favorite_FILL0_wght400_GRAD0_opsz48.svg","mtype":"image/svg+xml","width":48,"height":48,"path":"Lib Icons / Outlined"},"52961d58-0a92-80c2-8003-27d6d56646d5":{"name":"settings_FILL0_wght400_GRAD0_opsz48.svg","mtype":"image/svg+xml","width":48,"height":48,"path":"Lib Icons / Outlined"},"52961d58-0a92-80c2-8003-27d6d56646c7":{"name":"arrow_back_FILL0_wght400_GRAD0_opsz48.svg","mtype":"image/svg+xml","width":48,"height":48,"path":"Lib Icons / Outlined"},"52961d58-0a92-80c2-8003-27d6d566bb75":{"name":"logout_FILL0_wght400_GRAD0_opsz48.svg","mtype":"image/svg+xml","width":48,"height":48,"path":"Lib Icons / Outlined"},"52961d58-0a92-80c2-8003-27d6d566bb89":{"name":"mic_FILL1_wght400_GRAD0_opsz48.svg","mtype":"image/svg+xml","width":48,"height":48,"path":"Lib Icons / Filled"},"52961d58-0a92-80c2-8003-27d6d566bb79":{"name":"check_FILL0_wght400_GRAD0_opsz48.svg","mtype":"image/svg+xml","width":48,"height":48,"path":"Lib Icons / Outlined"},"52961d58-0a92-80c2-8003-27d6d566bb81":{"name":"keyboard_voice_FILL0_wght400_GRAD0_opsz48.svg","mtype":"image/svg+xml","width":48,"height":48,"path":"Lib Icons / Outlined"},"52961d58-0a92-80c2-8003-27d6d566bb7d":{"name":"download_FILL0_wght400_GRAD0_opsz48.svg","mtype":"image/svg+xml","width":48,"height":48,"path":"Lib Icons / Outlined"},"52961d58-0a92-80c2-8003-27d6d566bb7b":{"name":"chronic_FILL0_wght400_GRAD0_opsz48.svg","mtype":"image/svg+xml","width":48,"height":48,"path":"Lib Icons / Outlined"},"52961d58-0a92-80c2-8003-27d6d56646c9":{"name":"bolt_FILL0_wght400_GRAD0_opsz48.svg","mtype":"image/svg+xml","width":48,"height":48,"path":"Lib Icons / Outlined"},"52961d58-0a92-80c2-8003-27d6d566bb85":{"name":"menu_FILL0_wght400_GRAD0_opsz48.svg","mtype":"image/svg+xml","width":48,"height":48,"path":"Lib Icons / Outlined"},"52961d58-0a92-80c2-8003-27d6d56646d9":{"name":"mic_FILL0_wght400_GRAD0_opsz48.svg","mtype":"image/svg+xml","width":48,"height":48,"path":"Lib Icons / Outlined"},"52961d58-0a92-80c2-8003-27d6d566c497":{"name":"history_FILL0_wght400_GRAD0_opsz48.svg","mtype":"image/svg+xml","width":48,"height":48,"path":"Lib Icons / Outlined"},"52961d58-0a92-80c2-8003-27d6d56646d7":{"name":"shopping_cart_checkout_FILL0_wght400_GRAD0_opsz48.svg","mtype":"image/svg+xml","width":48,"height":48,"path":"Lib Icons / Outlined"},"52961d58-0a92-80c2-8003-27d6d56646db":{"name":"videocam_FILL0_wght400_GRAD0_opsz48.svg","mtype":"image/svg+xml","width":48,"height":48,"path":"Lib Icons / Outlined"},"52961d58-0a92-80c2-8003-27d6d566bb7f":{"name":"grade_FILL0_wght400_GRAD0_opsz48.svg","mtype":"image/svg+xml","width":48,"height":48,"path":"Lib Icons / Outlined"},"52961d58-0a92-80c2-8003-27d6d56646cb":{"name":"close_FILL0_wght400_GRAD0_opsz48.svg","mtype":"image/svg+xml","width":48,"height":48,"path":"Lib Icons / Outlined"}}