{"ff7d985f-9368-80e2-8002-2932d0cbe0bc":{"textTransform":"none","fontFamily":"Roboto","fontStyle":"italic","fontWeight":"400","lineHeight":"1.2","path":"Display","letterSpacing":"0","name":"Display Small","fontVariantId":"italic","fontSize":"36","fontId":"gfont-roboto"},"ff7d985f-9368-80e2-8002-2932a0df61a5":{"textTransform":"none","fontFamily":"Roboto","fontStyle":"normal","fontWeight":"400","lineHeight":"1.2","path":"Display","letterSpacing":"0","name":"Display Medium","fontVariantId":"regular","fontSize":"45","fontId":"gfont-roboto"},"ff7d985f-9368-80e2-8002-2934b6edc195":{"textTransform":"none","fontFamily":"Roboto","fontStyle":"normal","fontWeight":"500","lineHeight":"1.2","path":"Label","letterSpacing":"0.01","name":"Label Large","fontVariantId":"500","fontSize":"14","fontId":"gfont-roboto"},"ff7d985f-9368-80e2-8002-2933d0869427":{"textTransform":"none","fontFamily":"Roboto","fontStyle":"normal","fontWeight":"400","lineHeight":"1.2","path":"Headline","letterSpacing":"0","name":"Headline Medium","fontVariantId":"regular","fontSize":"28","fontId":"gfont-roboto"},"ff7d985f-9368-80e2-8002-29339d852a72":{"textTransform":"none","fontFamily":"Roboto","fontStyle":"normal","fontWeight":"400","lineHeight":"1.2","path":"Headline","letterSpacing":"0","name":"Headline Small","fontVariantId":"regular","fontSize":"24","fontId":"gfont-roboto"},"ff7d985f-9368-80e2-8002-293424444236":{"textTransform":"none","fontFamily":"Roboto","fontStyle":"normal","fontWeight":"500","lineHeight":"1.2","path":"Title","letterSpacing":"0.01","name":"Title Small","fontVariantId":"500","fontSize":"14","fontId":"gfont-roboto"},"ff7d985f-9368-80e2-8002-2934035be121":{"textTransform":"none","fontFamily":"Roboto","fontStyle":"normal","fontWeight":"400","lineHeight":"1.2","path":"Title","letterSpacing":"0","name":"Title Large","fontVariantId":"regular","fontSize":"22","fontId":"gfont-roboto"},"ff7d985f-9368-80e2-8002-293462a77279":{"textTransform":"none","fontFamily":"Roboto","fontStyle":"normal","fontWeight":"400","lineHeight":"1.2","path":"Body","letterSpacing":"0.02","name":"Body Medium","fontVariantId":"regular","fontSize":"14","fontId":"gfont-roboto"},"ff7d985f-9368-80e2-8002-293452cc9128":{"textTransform":"none","fontFamily":"Roboto","fontStyle":"normal","fontWeight":"400","lineHeight":"1.2","path":"Body","letterSpacing":"0.04","name":"Body Small","fontVariantId":"regular","fontSize":"12","fontId":"gfont-roboto"},"4d3dfd9b-9409-80c5-8002-2a78f5da032d":{"textTransform":"none","fontFamily":"Roboto","fontStyle":"normal","fontWeight":"500","lineHeight":"1.2","path":"Button","letterSpacing":"0.4","name":"Button","fontVariantId":"500","fontSize":"14","fontId":"gfont-roboto"},"ff7d985f-9368-80e2-8002-29349ff2d2ef":{"textTransform":"none","fontFamily":"Roboto","fontStyle":"normal","fontWeight":"500","lineHeight":"1.2","path":"Label","letterSpacing":"0.05","name":"Label Small","fontVariantId":"500","fontSize":"11","fontId":"gfont-roboto"},"ff7d985f-9368-80e2-8002-293411cbacfe":{"textTransform":"none","fontFamily":"Roboto","fontStyle":"normal","fontWeight":"500","lineHeight":"1.2","path":"Title","letterSpacing":"0.01","name":"Title Medium","fontVariantId":"500","fontSize":"16","fontId":"gfont-roboto"},"ff7d985f-9368-80e2-8002-2933e19587d1":{"textTransform":"none","fontFamily":"Roboto","fontStyle":"normal","fontWeight":"400","lineHeight":"1.2","path":"Headline","letterSpacing":"0","name":"Headline Large","fontVariantId":"regular","fontSize":"32","fontId":"gfont-roboto"},"ff7d985f-9368-80e2-8002-2931ec2555a7":{"textTransform":"none","fontFamily":"Roboto","fontStyle":"normal","fontWeight":"400","lineHeight":"1.2","path":"Display","letterSpacing":"0","name":"Display Large","fontVariantId":"regular","fontSize":"57","fontId":"gfont-roboto"},"ff7d985f-9368-80e2-8002-293472ede6d6":{"textTransform":"none","fontFamily":"Roboto","fontStyle":"normal","fontWeight":"400","lineHeight":"1.2","path":"Body","letterSpacing":"0.04","name":"Body Large","fontVariantId":"regular","fontSize":"16","fontId":"gfont-roboto"},"ff7d985f-9368-80e2-8002-2934ace35464":{"textTransform":"none","fontFamily":"Roboto","fontStyle":"normal","fontWeight":"500","lineHeight":"1.2","path":"Label","letterSpacing":"0.05","name":"Label Medium","fontVariantId":"500","fontSize":"12","fontId":"gfont-roboto"}}